i,p_i,n,h,l,verified
1,2,1,0,2,scripts/verify.sh
2,3,2,0,3,scripts/verify.sh
3,19,6,0,19,scripts/verify.sh
4,191,9,0,191,scripts/verify.sh
5,3993746143633,22,0,3993746143633,scripts/verify.sh
6,3224057731518397,29,0,3224057731518397,scripts/verify.sh
7,631474305334326148720631,44,34232,5362203100777801719,scripts/verify.sh
8,154837899060399532100017991,62,8393779,6036121845646221127,scripts/verify.sh
9,5041018329913599611229009621,160,273274151,4456340472775931605,scripts/verify.sh
10,18862166390550560818837358289,229,1022520088,16987591614004496081,scripts/verify.sh
11,459626009549584478734178019503,721,24916375904,4153006954631358639,scripts/verify.sh
12,15293206459157399036476434739,1670,829046383,6721809876679829811,scripts/verify.sh
13,116526970762921198119897013559,1998,6316939742,13202354151786290487,scripts/verify.sh
14,3494164289073996361661384853541,3590,189419025661,14107128649476835365,scripts/verify.sh
